RPC,Description,Lithology,Vp,Vs,Rho
101023,Gray Shale,shale,4953.66,2957.26,2.71
100978,Olentangy Shale,shale,3444.66,2318.00,2.68
100993,Brown Gas Shale,shale,3507.80,2218.53,2.56
101048,Shale 2 (Density is assumed constant),shale,2988.89,1633.33,2.60
100417,Tight gas shale,shale,3642.00,2221.00,2.46
101024,Gray Shale,shale,4987.07,2963.49,2.71
100969,Marcellus Black Shale,shale,4395.76,2587.13,2.51
100073,Hard shale,shale,3819.02,2521.05,2.63
101057,Shale 2 (Density is assumed constant),shale,3033.33,1633.33,2.60
100050,Shale,shale,2402.74,1447.17,2.35
100124,Pierre shale,shale,2202.00,969.00,2.25
100999,Brown Gas Shale,shale,3893.10,2444.70,2.56
100052,Shale,shale,2509.12,1487.70,2.35
100829,Jurassic Shale (Table 7.2) Outcrop,shale,3545.00,1830.00,2.50
100063,Hard shale,shale,3726.75,2377.92,2.60
100982,Olentangy Shale,shale,3750.62,2458.61,2.68
100068,Hard shale,shale,3965.98,2627.78,2.63
100738,Beijing Jurassic Shale,shale,5258.46,2262.08,2.55
100836,Kimmeridge Shale,shale,3669.00,1958.00,2.59
100082,Hard shale,shale,4408.83,2687.70,2.60
100125,Shale,shale,3048.00,1490.00,2.42
100436,Caney Shale,shale,1490.71,1084.65,2.30
101108,Oficina Dolomitized Shale,shale,5191.00,3024.00,2.78
100129,Green River shale,shale,4404.00,2582.00,2.31
100368,Bakken Formation,shale,3850.00,2400.00,2.48
100977,Olentangy Shale,shale,3238.07,2252.69,2.68
101004,Brown Gas Shale,shale,4722.78,2738.61,2.56
100963,Marcellus Black Shale,shale,3787.17,2344.78,2.51
100986,Olentangy Shale,shale,4484.63,2676.60,2.68
101007,Brown Gas Shale,shale,5069.83,2944.80,2.56
101055,Shale 2 (Density is assumed constant),shale,3044.44,1664.81,2.60
100985,Olentangy Shale,shale,4319.34,2627.35,2.68
100739,Beijing Jurassic Shale,shale,5320.42,2276.11,2.55
101050,Shale 2 (Density is assumed constant),shale,2888.89,1624.07,2.60
100965,Marcellus Black Shale,shale,3921.54,2395.21,2.51
100077,Hard shale,shale,3792.98,2276.75,2.56
100046,Shale,shale,2290.84,1340.97,2.32
100816,Woodford Shale,shale,2860.00,1562.00,2.27
100814,Woodford Shale,shale,2980.00,1650.00,2.09
100035,Shale,shale,3235.11,1572.62,2.51
100033,Shale,shale,3442.09,1749.47,2.41
100058,Shale,shale,2740.86,1379.00,2.44
100031,Shale,shale,3198.84,1603.31,2.41
101005,Brown Gas Shale,shale,4792.57,2877.72,2.56
101013,Gray Shale,shale,4024.83,2489.83,2.71
100120,Wills Point shale,shale,4130.00,2380.00,2.64
100964,Marcellus Black Shale,shale,3854.94,2361.71,2.51
100599,Laminated Mudstone,shale,3043.00,1342.00,2.49
100732,Beijing Jurassic Shale,shale,4993.92,1943.88,2.55
101056,Shale 2 (Density is assumed constant),shale,3024.07,1644.44,2.60
101045,Shale 2 (Density is assumed constant),shale,2844.44,1566.67,2.60
100817,Woodford Shale,shale,2532.00,1492.00,2.26
100837,Kimmeridge Shale,shale,3736.00,1996.00,2.59
101100,Oficina Sandy Shale,shale,3119.00,2020.00,2.39
100101,Mesaverde clayshale,shale,3794.00,2074.00,2.56
100833,Kimmeridge Shale,shale,3476.00,1863.00,2.59
100034,Shale,shale,3117.89,1531.56,2.51
100972,Marcellus Black Shale,shale,4773.77,2700.15,2.51
101053,Shale 2 (Density is assumed constant),shale,3144.44,1655.56,2.60
100825,Jurassic Shale (Table 7.2) Outcrop,shale,3001.00,1401.00,2.50
101097,Oficina Sandy Shale,shale,2809.00,1936.00,2.39
100080,Hard shale,shale,4265.90,2660.34,2.60
100121,Cotton Valley Shale,shale,4721.00,2890.00,2.64
101104,Oficina Sandy Shale,shale,3428.00,2127.00,2.39
100071,Hard shale,shale,3728.71,2496.00,2.63
100390,Alberta Shale,shale,3900.00,2600.00,2.60
101111,Oficina Dolomitized Shale,shale,5244.00,3040.00,2.78
100411,Tight gas shale,shale,3373.00,2124.00,2.40
100989,Olentangy Shale,shale,4852.30,2765.73,2.68
101014,Gray Shale,shale,4151.20,2555.65,2.71
100362,Bakken Formation,shale,3380.00,2120.00,2.22
100067,Hard shale,shale,3853.52,2579.53,2.63
100834,Kimmeridge Shale,shale,3552.00,1895.00,2.59
100040,Shale,shale,3737.19,2048.37,2.57
101011,Gray Shale,shale,3837.09,2391.56,2.71
100078,Hard shale,shale,3879.53,2288.73,2.56
100991,Olentangy Shale,shale,5022.34,2825.79,2.68
101109,Oficina Dolomitized Shale,shale,5207.00,3031.00,2.78
100996,Brown Gas Shale,shale,3734.34,2404.42,2.56
100422,Tight gas shale,shale,3936.00,2382.00,2.58
101099,Oficina Sandy Shale,shale,3003.00,1987.00,2.39
100045,Shale,shale,3374.11,1699.29,2.54
100061,Shale,shale,2941.37,1424.32,2.44
100737,Beijing Jurassic Shale,shale,5217.91,2219.22,2.55
101098,Oficina Sandy Shale,shale,2879.00,1954.00,2.39
100971,Marcellus Black Shale,shale,4664.01,2648.01,2.51
100366,Bakken Formation,shale,4210.00,2520.00,2.55
100437,Woodford,shale,3669.52,2461.59,2.53
100597,Laminated Mudstone,shale,3066.00,1459.00,2.51
100048,Shale,shale,2409.20,1402.27,2.32
100059,Shale,shale,2813.17,1395.25,2.44
101101,Oficina Sandy Shale,shale,3209.00,2048.00,2.39
100097,Mesaverde clayshale,shale,3928.00,2055.00,2.59
100980,Olentangy Shale,shale,3665.08,2381.52,2.68
100598,Lenticular & Laminated Mudstone,shale,3443.00,1721.00,2.52
100365,Bakken Formation,shale,3290.00,1860.00,2.35
100105,Mesaverde mudshale,shale,5073.00,2998.00,2.68
100147,Anisotropic shale,shale,2745.00,1508.00,2.34
100962,Marcellus Black Shale,shale,3750.17,2301.91,2.51
100835,Kimmeridge Shale,shale,3602.00,1928.00,2.59
100420,Tight gas shale,shale,3612.00,2140.00,2.47
100979,Olentangy Shale,shale,3540.81,2334.04,2.68
100438,Woodford,shale,3502.23,2484.33,2.56
101058,Shale 2 (Density is assumed constant),shale,3077.78,1711.11,2.60
100060,Shale,shale,2868.00,1409.86,2.44
100069,Hard shale,shale,4067.38,2655.88,2.63
100064,Hard shale,shale,3789.06,2395.61,2.60
100997,Brown Gas Shale,shale,3827.33,2404.42,2.56
100826,Jurassic Shale (Table 7.2) Outcrop,shale,3120.00,1520.00,2.50
100238,Jurassic North Sea Shale,shale,3296.00,1660.00,2.49
100838,Kimmeridge Shale,shale,3777.00,2020.00,2.59
101112,Oficina Dolomitized Shale,shale,5267.00,3047.00,2.78
100076,Hard shale,shale,3703.36,2264.71,2.56
100410,Tight gas shale,shale,3531.00,2307.00,2.45
101001,Brown Gas Shale,shale,4271.09,2561.74,2.56
100973,Marcellus Black Shale,shale,4876.97,2736.79,2.51
100815,Woodford Shale,shale,2902.00,1610.00,2.13
100828,Jurassic Shale (Table 7.2) Outcrop,shale,3436.00,1762.00,2.50
101062,Shale 2 (Density is assumed constant),shale,3466.67,1877.78,2.60
100364,Bakken Formation,shale,3510.00,2030.00,2.34
100032,Shale,shale,3360.90,1686.62,2.41
100367,Bakken Formation,shale,3720.00,2250.00,2.38
101102,Oficina Sandy Shale,shale,3291.00,2076.00,2.39
100984,Olentangy Shale,shale,4124.92,2569.92,2.68
100425,Tight gas shale,shale,3537.00,2168.00,2.47
100036,Shale,shale,3314.16,1620.02,2.51
100418,Tight gas shale,shale,3214.00,2104.00,2.42
100092,Mesaverde mudshale,shale,4529.00,2703.00,2.52
101103,Oficina Sandy Shale,shale,3361.00,2103.00,2.39
100394,Nahr Umr Shale,shale,4158.00,1622.00,2.57
100057,Shale,shale,3353.57,1578.87,2.44
100416,Tight gas shale,shale,3522.00,2314.00,2.41
100818,Woodford Shale,shale,2615.00,1571.00,2.18
101016,Gray Shale,shale,4376.22,2709.83,2.71
101019,Gray Shale,shale,4646.15,2855.69,2.71
100831,Kimmeridge Shale,shale,3246.00,1706.00,2.59
100433,Barnett Shale,shale,2429.50,1680.16,2.34
100043,Shale,shale,3222.82,1606.20,2.54
100987,Olentangy Shale,shale,4615.84,2731.79,2.68
100053,Shale,shale,2530.19,1494.82,2.35
100832,Kimmeridge Shale,shale,3392.00,1811.00,2.59
100990,Olentangy Shale,shale,4921.02,2785.89,2.68
100551,NW Shelf Australia Shale,shale,3081.00,2250.00,2.45
100065,Hard shale,shale,3839.39,2409.20,2.60
101042,Shale 2 (Density is assumed constant),shale,2933.33,1555.56,2.60
100970,Marcellus Black Shale,shale,4534.07,2625.34,2.51
100081,Hard shale,shale,4333.96,2675.49,2.60
100042,Shale,shale,3911.91,2169.94,2.57
101010,Gray Shale,shale,3774.06,2360.50,2.71
101003,Brown Gas Shale,shale,4614.01,2636.88,2.56
100976,Marcellus Black Shale,shale,5181.95,2829.84,2.51
100434,Caney Shale,shale,1672.12,1144.82,2.29
101015,Gray Shale,shale,4212.97,2584.37,2.71
100054,Shale,shale,3080.18,1347.71,2.44
101002,Brown Gas Shale,shale,4410.57,2629.46,2.56
101106,Oficina Dolomitized Shale,shale,5172.00,3021.00,2.78
100079,Hard shale,shale,4173.28,2638.54,2.60
101017,Gray Shale,shale,4451.46,2750.38,2.71
100968,Marcellus Black Shale,shale,4224.76,2516.88,2.51
100363,Bakken Formation,shale,3460.00,2000.00,2.33
100415,Tight gas shale,shale,3880.00,2453.00,2.49
100216,Greenhorn Shale (5kft @ 1bar),shale,3048.00,1490.00,2.42
100413,Tight gas shale,shale,3512.00,2349.00,2.45
101114,Oficina Dolomitized Shale,shale,5284.00,3058.00,2.78
100038,Shale,shale,3379.43,1698.57,2.50
100426,Tight gas shale,shale,3480.00,2175.00,2.48
100966,Marcellus Black Shale,shale,3956.94,2411.79,2.51
100072,Hard shale,shale,3774.89,2508.93,2.63
100126,Shale,shale,3377.00,1490.00,2.42
101020,Gray Shale,shale,4752.16,2881.42,2.71
101107,Oficina Dolomitized Shale,shale,5181.00,3021.00,2.78
100074,Hard shale,shale,3870.52,2535.36,2.63
100432,Barnett Shale,shale,2989.70,2235.19,2.56
100981,Olentangy Shale,shale,3730.67,2435.74,2.68
100049,Shale,shale,2449.14,1420.60,2.32
100066,Hard shale,shale,3902.36,2426.66,2.60
101043,Shale 2 (Density is assumed constant),shale,2900.00,1577.78,2.60
100994,Brown Gas Shale,shale,3573.99,2279.32,2.56
101008,Brown Gas Shale,shale,5134.90,2984.33,2.56
100055,Shale,shale,3215.00,1462.95,2.44
101009,Gray Shale,shale,3067.51,2207.00,2.71
100107,Mesaverde mudshale,shale,4296.00,2471.00,2.66
100974,Marcellus Black Shale,shale,4978.04,2772.95,2.51
100056,Shale,shale,3287.51,1523.36,2.44
100736,Beijing Jurassic Shale,shale,5180.48,2188.68,2.55
101063,Mancos Shale (Decane Saturated),shale,3441.84,2117.65,2.60
100735,Beijing Jurassic Shale,shale,5159.53,2134.35,2.55
100435,Caney Shale,shale,1694.72,1123.37,2.30
101018,Gray Shale,shale,4549.85,2816.66,2.71
100047,Shale,shale,2357.63,1375.88,2.32
100051,Shale,shale,2464.70,1470.47,2.35
100128,Green River shale,shale,4167.00,2432.00,2.31
100998,Brown Gas Shale,shale,3862.88,2436.70,2.56
101105,Oficina Sandy Shale,shale,3453.00,2136.00,2.39
100062,Shale,shale,3004.10,1434.36,2.44
101113,Oficina Dolomitized Shale,shale,5267.00,3054.00,2.78
100424,Tight gas shale,shale,3536.00,2329.00,2.43
100992,Olentangy Shale,shale,5092.43,2845.53,2.68
100044,Shale,shale,3324.64,1667.65,2.54
100975,Marcellus Black Shale,shale,5077.10,2787.28,2.51
101546,DSDP S.288 847 M,limestone,2970.80,1528.54,2.12
101550,DSDP S.288 848.5M,limestone,3121.39,1528.54,2.16
101552,DSDP S.288 849.0M,limestone,2970.80,1420.93,2.16
101554,DSDP S.288 849.5M,limestone,2927.82,1399.28,2.14
101563,DSDP S.288 857 M,limestone,2583.33,1474.74,2.09
101567,DSDP S.288 859.5M,limestone,3315.29,1765.42,2.34
101574,DSDP S.288 868.0M,limestone,3584.32,1873.03,2.25
101576,DSDP S.288 868.5M,limestone,2916.99,1453.08,2.18
101578,DSDP S.288 876 M,limestone,2884.84,1420.93,2.12
101580,DSDP S.288 877 M,limestone,3530.51,1873.03,2.27
101585,DSDP S.288 914 M,limestone,2615.49,1345.47,2.13
101593,DSDP S.288 981 M,limestone,3379.92,1829.72,2.39
101744,DSDP S.289 828 M,limestone,2647.97,1194.88,1.77
101746,DSDP S.289 847 M,limestone,2615.49,1141.08,1.91
101748,DSDP S.289 895 M,limestone,2454.07,936.35,1.91
101750,DSDP S.289 904 M,limestone,2368.11,839.57,1.91
101752,DSDP S.289 913 M,limestone,2701.77,1313.32,1.94
101754,DSDP S.289 916 M,limestone,2497.05,968.83,1.87
101758,DSDP S.289 933 M,limestone,2820.21,1227.03,1.91
101760,DSDP S.289 941 M,limestone,2680.12,1248.69,1.90
101764,DSDP S.289 953 M,limestone,2766.40,1141.08,1.94
101766,DSDP S.289 961.0M,limestone,2518.70,947.18,1.99
101774,DSDP S.289 999 M,limestone,2583.33,1141.08,1.97
101776,DSDP S.289 1009.0M,limestone,2798.56,1184.06,2.00
101780,DSDP S.289 1017 M,limestone,2895.34,1173.23,1.98
101783,DSDP S.289 1027 M,limestone,3024.61,1367.13,2.10
101820,DSDP S.289 1175 M,limestone,2690.94,1205.38,2.10
101824,DSDP S.289 1233 M,limestone,3143.04,1743.77,2.14
101127,PICKETT LIMESTONE,limestone,1910.14,988.49,
102855,SOLENHOFEN LIMESTONE 69-2,limestone,5940.00,3140.00,
102846,SOLENHOFEN LIMESTONE 69-2,limestone,1887.00,990.00,
101131,PICKETT LIMESTONE,limestone,1849.71,993.31,
101151,PICKETT LIMESTONE,limestone,5447.18,2899.93,
101125,PICKETT LIMESTONE,limestone,1927.17,1001.38,
101117,PICKETT LIMESTONE,limestone,1956.50,1021.26,
101136,PICKETT LIMESTONE,limestone,5895.34,3227.69,
102847,SOLENHOFEN LIMESTONE 69-2,limestone,1878.00,990.00,
101157,PICKETT LIMESTONE,limestone,5147.31,2625.66,
101123,PICKETT LIMESTONE,limestone,1898.82,1016.14,
101153,PICKETT LIMESTONE,limestone,5378.94,2843.83,
102242,R.PRICE 10921.5 #43,dolomite,4265.09,2555.77,2.34
102096,R.PRICE 10889.5 #13,dolomite,5708.66,3444.88,2.69
102196,R.PRICE 10913.5 #35,dolomite,4855.64,2841.21,2.44
102071,R.PRICE 10883.5 #7,dolomite,4986.88,3034.78,2.57
102089,R.PRICE 10883.5 #7,dolomite,5544.62,3070.87,2.57
102081,R.PRICE 10883.5 #7,dolomite,4986.88,2732.94,2.57
102256,R.PRICE 10921.5 #43,dolomite,4461.94,2431.10,2.34
102150,R.PRICE 10901.5 #25,dolomite,5216.54,2801.84,2.53
102267,R.PRICE 10926.5 #48,dolomite,5774.28,3379.27,2.56
102221,R.PRICE 10916.5 #38,dolomite,5282.15,2995.41,2.44
102116,R.PRICE 10890.5 #14,dolomite,5741.47,3444.88,2.64
102274,R.PRICE 10926.5 #48,dolomite,5741.47,3221.78,2.56
102249,R.PRICE 10921.5 #43,dolomite,4002.62,2083.33,2.34
102140,R.PRICE 10901.5 #25,dolomite,5052.49,2962.60,2.53
102121,R.PRICE 10890.5 #14,dolomite,5314.96,3172.57,2.64
102264,R.PRICE 10926.5 #48,dolomite,5577.43,3313.65,2.56
102180,R.PRICE 10909.5 #31,dolomite,4625.98,2765.75,2.37
102297,R.PRICE 10928.5 #50,dolomite,4527.56,2434.38,2.31
102141,R.PRICE 10901.5 #25,dolomite,5314.96,3136.48,2.53
102215,R.PRICE 10913.5 #35,dolomite,5610.24,3028.22,2.44
102224,R.PRICE 10916.5 #38,dolomite,5249.34,3011.81,2.44
102272,R.PRICE 10926.5 #48,dolomite,5708.66,3231.63,2.56
102135,R.PRICE 10901.5 #25,dolomite,4691.60,2874.02,2.53
102094,R.PRICE 10889.5 #13,dolomite,5675.85,3412.07,2.69
102142,R.PRICE 10901.5 #25,dolomite,4396.33,2588.58,2.53
102152,R.PRICE 10901.5 #25,dolomite,5479.00,2962.60,2.53
102091,R.PRICE 10889.5 #13,dolomite,5216.54,3123.36,2.69
102222,R.PRICE 10916.5 #38,dolomite,5249.34,2998.69,2.44
102227,R.PRICE 10916.5 #38,dolomite,4921.26,2601.71,2.44
102093,R.PRICE 10889.5 #13,dolomite,5577.43,3346.46,2.69
102136,R.PRICE 10901.5 #25,dolomite,4986.88,2942.91,2.53
102298,R.PRICE 10928.5 #50,dolomite,4625.98,2529.53,2.31
102144,R.PRICE 10901.5 #25,dolomite,4954.07,2657.48,2.53
102248,R.PRICE 10921.5 #43,dolomite,3608.92,1916.01,2.34
102087,R.PRICE 10883.5 #7,dolomite,5314.96,2890.42,2.57
102197,R.PRICE 10913.5 #35,dolomite,5019.69,2916.67,2.44
102206,R.PRICE 10913.5 #35,dolomite,5019.69,2578.74,2.44
102250,R.PRICE 10921.5 #43,dolomite,4232.28,2191.60,2.34
102228,R.PRICE 10916.5 #38,dolomite,5019.69,2719.82,2.44
102205,R.PRICE 10913.5 #35,dolomite,4888.45,2828.08,2.44
102187,R.PRICE 10909.5 #31,dolomite,4560.37,2457.35,2.37
102278,R.PRICE 10926.5 #48,dolomite,5905.51,3313.65,2.56
102165,R.PRICE 10908.5 #30,dolomite,4527.56,2467.19,2.39
102266,R.PRICE 10926.5 #48,dolomite,5577.43,3313.65,2.56
102133,R.PRICE 10901.5 #25,dolomite,4330.71,2562.34,2.53
102146,R.PRICE 10901.5 #25,dolomite,5249.34,2847.77,2.53
102095,R.PRICE 10889.5 #13,dolomite,5741.47,3412.07,2.69
102212,R.PRICE 10913.5 #35,dolomite,5380.58,3028.22,2.44
102203,R.PRICE 10913.5 #35,dolomite,5249.34,3038.06,2.44
102231,R.PRICE 10916.5 #38,dolomite,5282.15,2847.77,2.44
102263,R.PRICE 10926.5 #48,dolomite,5577.43,3313.65,2.56
102167,R.PRICE 10908.5 #30,dolomite,4855.64,2660.76,2.39
102245,R.PRICE 10921.5 #43,dolomite,4265.09,2559.06,2.34
102073,R.PRICE 10883.5 #7,dolomite,5183.73,3139.76,2.57
102084,R.PRICE 10883.5 #7,dolomite,5347.77,2893.70,2.57
102114,R.PRICE 10890.5 #14,dolomite,5479.00,3313.65,2.64
102299,R.PRICE 10928.5 #50,dolomite,4724.41,2578.74,2.31
102234,R.PRICE 10916.5 #38,dolomite,5282.15,2854.33,2.44
102204,R.PRICE 10913.5 #35,dolomite,5511.81,3192.26,2.44
102147,R.PRICE 10901.5 #25,dolomite,5282.15,2841.21,2.53
102192,R.PRICE 10909.5 #31,dolomite,4658.79,2591.86,2.37
102145,R.PRICE 10901.5 #25,dolomite,5085.30,2742.78,2.53
102082,R.PRICE 10883.5 #7,dolomite,5150.92,2798.56,2.57
102294,R.PRICE 10928.5 #50,dolomite,4560.37,2440.94,2.31
102283,R.PRICE 10928.5 #50,dolomite,4461.94,2604.99,2.31
102177,R.PRICE 10909.5 #31,dolomite,4429.13,2716.54,2.37
102158,R.PRICE 10908.5 #30,dolomite,4658.79,2791.99,2.39
102270,R.PRICE 10926.5 #48,dolomite,5511.81,3139.76,2.56
102118,R.PRICE 10890.5 #14,dolomite,5741.47,3477.69,2.64
102156,R.PRICE 10908.5 #30,dolomite,4461.94,2687.01,2.39
102255,R.PRICE 10921.5 #43,dolomite,4363.52,2322.83,2.34
102289,R.PRICE 10928.5 #50,dolomite,4002.62,2365.49,2.31
102169,R.PRICE 10908.5 #30,dolomite,4855.64,2657.48,2.39
102195,R.PRICE 10909.5 #31,dolomite,4232.28,2312.99,2.37
102080,R.PRICE 10883.5 #7,dolomite,4790.03,2647.64,2.57
102260,R.PRICE 10926.5 #48,dolomite,5413.39,3225.07,2.56
102173,R.PRICE 10908.5 #30,dolomite,5183.73,2814.96,2.39
102134,R.PRICE 10901.5 #25,dolomite,4527.56,2749.34,2.53
102076,R.PRICE 10883.5 #7,dolomite,5216.54,3152.89,2.57
102170,R.PRICE 10908.5 #30,dolomite,4855.64,2654.20,2.39
102240,R.PRICE 10921.5 #43,dolomite,4002.62,2388.45,2.34
102209,R.PRICE 10913.5 #35,dolomite,5314.96,2949.48,2.44
102202,R.PRICE 10913.5 #35,dolomite,5249.34,3028.22,2.44
102072,R.PRICE 10883.5 #7,dolomite,5085.30,3067.59,2.57
102162,R.PRICE 10908.5 #30,dolomite,5019.69,2923.23,2.39
102100,R.PRICE 10889.5 #13,dolomite,5314.96,3162.73,2.69
102083,R.PRICE 10883.5 #7,dolomite,5347.77,2900.26,2.57
102148,R.PRICE 10901.5 #25,dolomite,5249.34,2811.68,2.53
102168,R.PRICE 10908.5 #30,dolomite,4855.64,2660.76,2.39
102153,R.PRICE 10901.5 #25,dolomite,4790.03,2486.88,2.53
102079,R.PRICE 10883.5 #7,dolomite,4855.64,2893.70,2.57
102300,R.PRICE 10928.5 #50,dolomite,4068.24,2178.48,2.31
102155,R.PRICE 10908.5 #30,dolomite,4330.71,2650.92,2.39
102273,R.PRICE 10926.5 #48,dolomite,5708.66,3225.07,2.56
102113,R.PRICE 10890.5 #14,dolomite,5413.39,3248.03,2.64
102262,R.PRICE 10926.5 #48,dolomite,5577.43,3280.84,2.56
102193,R.PRICE 10909.5 #31,dolomite,4790.03,2696.85,2.37
102291,R.PRICE 10928.5 #50,dolomite,4232.28,2188.32,2.31
102151,R.PRICE 10901.5 #25,dolomite,5413.39,2919.95,2.53
102293,R.PRICE 10928.5 #50,dolomite,4560.37,2431.10,2.31
102238,R.PRICE 10921.5 #43,dolomite,3576.12,2217.85,2.34
102233,R.PRICE 10916.5 #38,dolomite,5249.34,2847.77,2.44
102166,R.PRICE 10908.5 #30,dolomite,4691.60,2559.06,2.39
102230,R.PRICE 10916.5 #38,dolomite,5216.54,2841.21,2.44
102218,R.PRICE 10916.5 #38,dolomite,4954.07,2867.45,2.44
102288,R.PRICE 10928.5 #50,dolomite,4691.60,2726.38,2.31
102286,R.PRICE 10928.5 #50,dolomite,4461.94,2601.71,2.31
102137,R.PRICE 10901.5 #25,dolomite,5052.49,2926.51,2.53
102259,R.PRICE 10926.5 #48,dolomite,5380.58,2828.08,2.56
102219,R.PRICE 10916.5 #38,dolomite,5052.49,2942.91,2.44
102092,R.PRICE 10889.5 #13,dolomite,5479.00,3280.84,2.69
102281,R.PRICE 10928.5 #50,dolomite,4199.48,2454.07,2.31
102214,R.PRICE 10913.5 #35,dolomite,5479.00,2975.72,2.44
102111,R.PRICE 10889.5 #13,dolomite,5807.09,2896.98,2.69
102077,R.PRICE 10883.5 #7,dolomite,5249.34,3156.17,2.57
102246,R.PRICE 10921.5 #43,dolomite,4527.56,2732.94,2.34
102188,R.PRICE 10909.5 #31,dolomite,4691.60,2588.58,2.37
102160,R.PRICE 10908.5 #30,dolomite,4691.60,2759.19,2.39
102243,R.PRICE 10921.5 #43,dolomite,4265.09,2578.74,2.34
102223,R.PRICE 10916.5 #38,dolomite,5216.54,3005.25,2.44
102070,R.PRICE 10883.5 #7,dolomite,4822.83,2923.23,2.57
102124,R.PRICE 10890.5 #14,dolomite,5938.32,3218.50,2.64
102208,R.PRICE 10913.5 #35,dolomite,5183.73,2821.52,2.44
102112,R.PRICE 10890.5 #14,dolomite,5347.77,3169.29,2.64
102115,R.PRICE 10890.5 #14,dolomite,5741.47,3444.88,2.64
102164,R.PRICE 10908.5 #30,dolomite,4265.09,2339.24,2.39
102097,R.PRICE 10889.5 #13,dolomite,5708.66,3444.88,2.69
102265,R.PRICE 10926.5 #48,dolomite,5610.24,3313.65,2.56
102268,R.PRICE 10926.5 #48,dolomite,5347.77,3169.29,2.56
102220,R.PRICE 10916.5 #38,dolomite,5249.34,3001.97,2.44
102184,R.PRICE 10909.5 #31,dolomite,4068.24,2480.31,2.37
102190,R.PRICE 10909.5 #31,dolomite,4691.60,2588.58,2.37
102276,R.PRICE 10926.5 #48,dolomite,5708.66,3211.94,2.56
102185,R.PRICE 10909.5 #31,dolomite,4199.48,2198.16,2.37
102292,R.PRICE 10928.5 #50,dolomite,4396.33,2349.08,2.31
102285,R.PRICE 10928.5 #50,dolomite,4494.75,2611.55,2.31
102207,R.PRICE 10913.5 #35,dolomite,5150.92,2709.97,2.44
102176,R.PRICE 10909.5 #31,dolomite,4265.09,2680.45,2.37
102159,R.PRICE 10908.5 #30,dolomite,4691.60,2778.87,2.39
102182,R.PRICE 10909.5 #31,dolomite,4658.79,2765.75,2.37
102252,R.PRICE 10921.5 #43,dolomite,4363.52,2306.43,2.34
102290,R.PRICE 10928.5 #50,dolomite,4035.43,2129.27,2.31
102179,R.PRICE 10909.5 #31,dolomite,4593.18,2765.75,2.37
102078,R.PRICE 10883.5 #7,dolomite,5479.00,3267.72,2.57
102237,R.PRICE 10916.5 #38,dolomite,4954.07,2562.34,2.44
102101,R.PRICE 10889.5 #13,dolomite,5938.32,2926.51,2.69
102277,R.PRICE 10926.5 #48,dolomite,5807.09,3280.84,2.56
102210,R.PRICE 10913.5 #35,dolomite,5380.58,2956.04,2.44
102139,R.PRICE 10901.5 #25,dolomite,5052.49,2952.76,2.53
102271,R.PRICE 10926.5 #48,dolomite,5577.43,3169.29,2.56
102251,R.PRICE 10921.5 #43,dolomite,4396.33,2312.99,2.34
102200,R.PRICE 10913.5 #35,dolomite,5249.34,3031.50,2.44
102117,R.PRICE 10890.5 #14,dolomite,5774.28,3444.88,2.64
102189,R.PRICE 10909.5 #31,dolomite,4658.79,2582.02,2.37
102287,R.PRICE 10928.5 #50,dolomite,4527.56,2611.55,2.31
102103,R.PRICE 10889.5 #13,dolomite,5938.32,3379.27,2.69
102257,R.PRICE 10921.5 #43,dolomite,4593.18,2473.75,2.34
102154,R.PRICE 10908.5 #30,dolomite,4199.48,2588.58,2.39
102216,R.PRICE 10913.5 #35,dolomite,4986.88,2582.02,2.44
102226,R.PRICE 10916.5 #38,dolomite,4822.83,2772.31,2.44
102132,R.PRICE 10890.5 #14,dolomite,5708.66,2828.08,2.64
102181,R.PRICE 10909.5 #31,dolomite,4625.98,2769.03,2.37
102090,R.PRICE 10883.5 #7,dolomite,4921.26,2670.60,2.57
102157,R.PRICE 10908.5 #30,dolomite,4593.18,2772.31,2.39
102161,R.PRICE 10908.5 #30,dolomite,4691.60,2795.28,2.39
102211,R.PRICE 10913.5 #35,dolomite,5380.58,2985.56,2.44
102172,R.PRICE 10908.5 #30,dolomite,5019.69,2736.22,2.39
102123,R.PRICE 10890.5 #14,dolomite,5774.28,3175.85,2.64
102244,R.PRICE 10921.5 #43,dolomite,4265.09,2582.02,2.34
102075,R.PRICE 10883.5 #7,dolomite,5216.54,3143.04,2.57
102098,R.PRICE 10889.5 #13,dolomite,5774.28,3444.88,2.69
102247,R.PRICE 10921.5 #43,dolomite,3510.50,2208.01,2.34
102217,R.PRICE 10916.5 #38,dolomite,4724.41,2762.47,2.44
102236,R.PRICE 10916.5 #38,dolomite,5446.19,2975.72,2.44
102085,R.PRICE 10883.5 #7,dolomite,5314.96,2893.70,2.57
102235,R.PRICE 10916.5 #38,dolomite,5380.58,2923.23,2.44
102183,R.PRICE 10909.5 #31,dolomite,4921.26,2896.98,2.37
102143,R.PRICE 10901.5 #25,dolomite,4757.22,2440.94,2.53
102163,R.PRICE 10908.5 #30,dolomite,4199.48,2568.90,2.39
102175,R.PRICE 10909.5 #31,dolomite,4035.43,2460.63,2.37
102261,R.PRICE 10926.5 #48,dolomite,5479.00,3257.87,2.56
102284,R.PRICE 10928.5 #50,dolomite,4494.75,2604.99,2.31
102232,R.PRICE 10916.5 #38,dolomite,5249.34,2844.49,2.44
102138,R.PRICE 10901.5 #25,dolomite,5019.69,2916.67,2.53
102074,R.PRICE 10883.5 #7,dolomite,5216.54,3136.48,2.57
102171,R.PRICE 10908.5 #30,dolomite,4855.64,2660.76,2.39
102102,R.PRICE 10889.5 #13,dolomite,5938.32,3346.46,2.69
102119,R.PRICE 10890.5 #14,dolomite,5741.47,3412.07,2.64
102186,R.PRICE 10909.5 #31,dolomite,4429.13,2355.64,2.37
102149,R.PRICE 10901.5 #25,dolomite,5216.54,2795.28,2.53
102258,R.PRICE 10921.5 #43,dolomite,3576.12,2011.15,2.34
102229,R.PRICE 10916.5 #38,dolomite,5118.11,2772.31,2.44
102279,R.PRICE 10926.5 #48,dolomite,5479.00,2739.50,2.56
102296,R.PRICE 10928.5 #50,dolomite,4527.56,2421.26,2.31
102174,R.PRICE 10908.5 #30,dolomite,4363.52,2293.31,2.39
102178,R.PRICE 10909.5 #31,dolomite,4625.98,2759.19,2.37
102225,R.PRICE 10916.5 #38,dolomite,5446.19,3116.80,2.44
102088,R.PRICE 10883.5 #7,dolomite,5446.19,2998.69,2.57
102213,R.PRICE 10913.5 #35,dolomite,5347.77,2933.07,2.44
102086,R.PRICE 10883.5 #7,dolomite,5347.77,2896.98,2.57
